id,osm_id,lat,lon,elev_m
0,91036794,36.9920630,-122.0672367,
1,91036797,36.9928369,-122.0675690,
2,91036917,36.9898238,-122.0649042,
3,91036921,36.9898784,-122.0660661,
4,91042659,36.9937387,-122.0625212,
5,91042660,36.9938545,-122.0617220,
6,91042664,36.9954787,-122.0613785,
7,91042672,36.9929852,-122.0612786,
8,91044852,36.9909555,-122.0493341,
9,91044855,36.9959358,-122.0507476,
10,91046690,36.9970052,-122.0601706,
11,91046691,36.9975474,-122.0609683,
12,91046693,36.9977851,-122.0619309,
13,91046695,36.9977233,-122.0621350,
14,91046701,36.9986026,-122.0622233,
15,91048129,36.9942470,-122.0635074,
16,91057086,36.9999822,-122.0562752,
17,91057092,37.0016739,-122.0553896,
18,91067894,36.9878630,-122.0687617,
19,91067914,36.9902057,-122.0664999,
20,91067921,36.9915000,-122.0665924,
21,91067935,36.9929066,-122.0653243,
22,91067952,36.9969515,-122.0636812,
23,91067966,37.0003738,-122.0642142,
24,91070651,36.9913368,-122.0670319,
25,91070659,36.9909870,-122.0684497,
26,91075512,36.9986454,-122.0534038,
27,91075547,36.9994151,-122.0640638,
28,318295444,36.9907810,-122.0546080,
29,326773985,36.9911956,-122.0672124,
30,326778140,36.9886648,-122.0668917,
31,326778143,36.9886232,-122.0661463,
32,326778161,36.9884457,-122.0659402,
33,326790724,36.9928459,-122.0610581,
34,326791508,36.9937563,-122.0600494,
35,326791510,36.9938427,-122.0599807,
36,330386254,36.9910181,-122.0543734,
37,330386333,36.9905219,-122.0523055,
38,330386339,36.9909364,-122.0545210,
39,330386417,36.9910079,-122.0520890,
40,330386418,36.9906900,-122.0522335,
41,330386466,36.9908386,-122.0521701,
42,330386478,36.9906534,-122.0509956,
43,330386538,36.9915680,-122.0545033,
44,330386551,36.9915454,-122.0539563,
45,330386554,36.9912314,-122.0541123,
46,330386583,36.9910582,-122.0543403,
47,330386584,36.9910029,-122.0546733,
48,330386609,36.9913768,-122.0540465,
49,345068967,36.9926780,-122.0698639,
50,348201167,36.9936980,-122.0680129,
51,353148865,36.9871998,-122.0546578,
52,354255800,36.9911127,-122.0545400,
53,393604098,36.9920223,-122.0537783,
54,393604100,36.9923672,-122.0538773,
55,393604219,36.9935232,-122.0553043,
56,393605552,36.9930261,-122.0548107,
57,393605554,36.9935179,-122.0549570,
58,393606535,36.9930374,-122.0539813,
59,393610429,36.9936509,-122.0540666,
60,393610436,36.9945498,-122.0536216,
61,393610442,36.9951985,-122.0533594,
62,393610452,36.9957166,-122.0537703,
63,393610458,36.9962319,-122.0538389,
64,396646459,36.9966678,-122.0619667,
65,399669767,36.9946953,-122.0556407,
66,399681311,36.9928903,-122.0521475,
67,400706876,36.9937097,-122.0549157,
68,400706878,36.9939743,-122.0550130,
69,400706883,36.9941334,-122.0553730,
70,400706885,36.9944289,-122.0553866,
71,401416339,36.9884774,-122.0553972,
72,401416341,36.9889310,-122.0555252,
73,401418842,36.9994649,-122.0638153,
74,401419142,36.9958019,-122.0566972,
75,401419144,36.9954552,-122.0571727,
76,403552340,36.9900382,-122.0491203,
77,403644747,36.9990873,-122.0645024,
78,403644750,36.9990399,-122.0640326,
79,403651581,36.9988276,-122.0619243,
80,403651583,36.9991161,-122.0620018,
81,403651584,36.9992575,-122.0623665,
82,403651675,37.0005148,-122.0622202,
83,403653609,37.0022591,-122.0521156,
84,403653655,36.9969954,-122.0502618,
85,403653664,37.0002491,-122.0489589,
86,403653666,37.0013942,-122.0487418,
87,404717165,37.0006001,-122.0616641,
88,404717170,37.0005094,-122.0611477,
89,417260648,37.0000622,-122.0487068,
90,417261134,37.0005260,-122.0474080,
91,417261435,37.0001040,-122.0486310,
92,417261538,36.9999740,-122.0485330,
93,417261782,36.9977229,-122.0472696,
94,417261843,36.9975938,-122.0472362,
95,417261850,36.9974904,-122.0473028,
96,427248047,37.0008731,-122.0619257,
97,427248049,37.0008541,-122.0620577,
98,431367739,37.0017644,-122.0652817,
99,437587110,36.9971187,-122.0668208,
100,437587118,37.0020866,-122.0656248,
101,437587255,36.9939704,-122.0643870,
102,437587331,36.9966760,-122.0654922,
103,437587477,36.9944716,-122.0645311,
104,437587534,36.9972711,-122.0669725,
105,437587571,36.9992891,-122.0667322,
106,437587681,36.9998291,-122.0666529,
107,437587697,36.9992582,-122.0660589,
108,437587775,36.9980507,-122.0552522,
109,437587785,36.9976502,-122.0551414,
110,437587791,36.9972963,-122.0552405,
111,437587828,36.9864328,-122.0540309,
112,437597869,36.9937819,-122.0637217,
113,437597887,36.9936496,-122.0637828,
114,439214006,37.0002692,-122.0589289,
115,439214009,37.0005830,-122.0579942,
116,439214016,37.0014212,-122.0577824,
117,439214021,37.0011763,-122.0573930,
118,439214027,37.0000746,-122.0571686,
119,439214029,36.9995691,-122.0586531,
120,443506817,36.9872575,-122.0544554,
121,444620343,36.9897049,-122.0471660,
122,444620883,36.9908982,-122.0490784,
123,444621390,36.9896199,-122.0471570,
124,444621444,36.9904474,-122.0489286,
125,444675904,36.9963523,-122.0537324,
126,444675905,36.9964820,-122.0534372,
127,444677460,36.9941892,-122.0664504,
128,478352143,36.9989700,-122.0551632,
129,493876996,36.9985812,-122.0519535,
130,493877000,36.9988839,-122.0533317,
131,493877001,37.0012378,-122.0553515,
132,493877003,36.9976371,-122.0521530,
133,493877006,36.9981181,-122.0538548,
134,493877007,37.0005370,-122.0548359,
135,493877010,36.9982848,-122.0520296,
136,493877011,36.9978835,-122.0535573,
137,493877017,36.9976957,-122.0524030,
138,493877021,37.0005202,-122.0546405,
139,493877026,36.9979732,-122.0520013,
140,493877027,36.9976593,-122.0527182,
141,493877028,37.0007598,-122.0551360,
142,493877035,37.0003740,-122.0546610,
143,493877036,37.0012843,-122.0555181,
144,493877037,36.9977633,-122.0532574,
145,493877040,36.9977453,-122.0522033,
146,496255758,36.9991410,-122.0517290,
147,496255819,36.9974472,-122.0522027,
148,496255854,36.9972848,-122.0515821,
149,496255864,36.9980202,-122.0512941,
150,496255865,36.9979494,-122.0510427,
151,496255872,36.9970309,-122.0510361,
152,496255875,36.9967921,-122.0516054,
153,496255952,36.9974745,-122.0526426,
154,496255953,36.9974907,-122.0529267,
155,496260902,36.9971107,-122.0570398,
156,496260903,36.9980079,-122.0572066,
157,496260904,36.9977469,-122.0571821,
158,496260905,36.9977927,-122.0568369,
159,496260906,36.9978261,-122.0565271,
160,496260913,36.9959870,-122.0586679,
161,497392014,37.0003886,-122.0577349,
162,497392040,37.0015556,-122.0540637,
163,497392045,37.0002996,-122.0577742,
164,497392047,36.9976473,-122.0612537,
165,497392048,36.9975656,-122.0591348,
166,497392052,37.0015359,-122.0539492,
167,497392054,36.9982386,-122.0559167,
168,497392273,36.9995701,-122.0550463,
169,497392354,36.9976126,-122.0605364,
170,497392450,36.9977458,-122.0606377,
171,497392460,36.9980635,-122.0606410,
172,497392475,36.9982539,-122.0609477,
173,497392476,37.0018042,-122.0581655,
174,497392499,36.9999007,-122.0540953,
175,497392654,36.9981776,-122.0561327,
176,497392947,36.9974054,-122.0597099,
177,497392948,36.9997757,-122.0584624,
178,497392981,36.9980524,-122.0603699,
179,497392986,37.0001624,-122.0571071,
180,497393009,36.9988676,-122.0552372,
181,497393030,36.9997779,-122.0538205,
182,497393054,36.9983676,-122.0555689,
183,497393077,36.9979308,-122.0609582,
184,497393081,36.9999871,-122.0585594,
185,497393110,36.9979210,-122.0601673,
186,497393129,36.9987430,-122.0553540,
187,497393140,36.9977511,-122.0589560,
188,497393152,36.9996997,-122.0547379,
189,497393154,36.9978626,-122.0610936,
190,497393157,36.9997658,-122.0588738,
191,497393158,36.9994543,-122.0552261,
192,497393160,36.9979081,-122.0610653,
193,497393166,36.9983561,-122.0600942,
194,497393171,37.0015409,-122.0583727,
195,497393182,36.9976531,-122.0601726,
196,497393188,36.9995862,-122.0553673,
197,497393189,36.9979732,-122.0612301,
198,497393284,36.9965289,-122.0602678,
199,497393368,37.0015407,-122.0582861,
200,497393371,36.9965579,-122.0588800,
201,497393376,36.9988437,-122.0596648,
202,497393384,37.0018226,-122.0580062,
203,506391367,37.0004109,-122.0640358,
204,509322886,36.9963665,-122.0654688,
205,509323470,36.9963679,-122.0651706,
206,509333088,36.9885443,-122.0549011,
207,509342135,36.9896667,-122.0548393,
208,519172114,37.0022777,-122.0617621,
209,526576658,36.9954741,-122.0507446,
210,568973962,36.9878002,-122.0689280,
211,568973964,36.9912749,-122.0667449,
212,568973967,36.9912732,-122.0669118,
213,568973973,36.9917425,-122.0668082,
214,568973976,36.9921831,-122.0670501,
215,568973989,36.9919053,-122.0655109,
216,568973993,36.9921536,-122.0653045,
217,568973996,36.9921869,-122.0646453,
218,568973998,36.9933956,-122.0649251,
219,568974003,36.9951270,-122.0653722,
220,568974004,36.9953802,-122.0652719,
221,568974010,36.9985859,-122.0661036,
222,568974011,36.9979787,-122.0658582,
223,568974017,36.9991634,-122.0646522,
224,568978951,36.9934840,-122.0650533,
225,568978965,36.9938397,-122.0655434,
226,568978970,36.9942385,-122.0654198,
227,568979007,36.9944839,-122.0654706,
228,568979015,36.9942559,-122.0645527,
229,568979016,36.9942896,-122.0648454,
230,568979018,36.9943802,-122.0648762,
231,568979028,36.9946993,-122.0645103,
232,568979031,36.9948185,-122.0645394,
233,575551165,37.0011513,-122.0619827,
234,575551170,37.0012688,-122.0617578,
235,575551172,37.0013228,-122.0624828,
236,575551174,37.0015502,-122.0619341,
237,575551177,37.0007908,-122.0608373,
238,589255415,36.9894200,-122.0653565,
239,589255533,36.9900290,-122.0659097,
240,589255536,36.9902002,-122.0657523,
241,589255542,36.9898327,-122.0654689,
242,589255544,36.9896371,-122.0653496,
243,589255552,36.9899752,-122.0650842,
244,589255554,36.9900414,-122.0653922,
245,589255556,36.9902537,-122.0653041,
246,589255580,36.9903776,-122.0655888,
247,589255609,36.9909401,-122.0655866,
248,589255618,36.9901962,-122.0650221,
249,589255620,36.9901412,-122.0645353,
250,589255657,36.9907970,-122.0649607,
251,589255661,36.9907201,-122.0649865,
252,589255668,36.9909097,-122.0649217,
253,589255670,36.9908548,-122.0649402,
254,589255672,36.9908987,-122.0648679,
255,589255736,36.9908129,-122.0634529,
256,589255741,36.9906140,-122.0635737,
257,589255801,36.9910375,-122.0650276,
258,589255812,36.9913977,-122.0653154,
259,589255861,36.9909794,-122.0647482,
260,589255863,36.9910086,-122.0648883,
261,589255873,36.9911671,-122.0649825,
262,589255875,36.9911383,-122.0648438,
263,589255903,36.9916565,-122.0648328,
264,589255929,36.9911006,-122.0639338,
265,589255970,36.9920909,-122.0646800,
266,590881896,36.9901939,-122.0682125,
267,590882030,36.9904455,-122.0681225,
268,590882079,36.9905321,-122.0677348,
269,590882132,36.9899349,-122.0670458,
270,590882163,36.9904766,-122.0674766,
271,590882338,36.9916452,-122.0685108,
272,590882400,36.9916247,-122.0683925,
273,590882572,36.9909811,-122.0676845,
274,590882575,36.9913606,-122.0677157,
275,590882622,36.9915740,-122.0673521,
276,590882844,36.9935362,-122.0676014,
277,593981075,36.9891262,-122.0651505,
278,593981101,36.9890412,-122.0647358,
279,593981105,36.9894211,-122.0647362,
280,593981106,36.9892878,-122.0647503,
281,593981107,36.9895104,-122.0644502,
282,593981114,36.9894081,-122.0640889,
283,593981115,36.9895798,-122.0641979,
284,593981116,36.9894163,-122.0636155,
285,593981128,36.9896612,-122.0649243,
286,593981144,36.9898179,-122.0642246,
287,593981168,36.9900412,-122.0638935,
288,593981169,36.9900395,-122.0636584,
289,593981176,36.9905628,-122.0639756,
290,593981177,36.9902868,-122.0638194,
291,593981184,36.9886115,-122.0635122,
292,593981225,36.9894683,-122.0630595,
293,593981226,36.9894239,-122.0633650,
294,593981227,36.9893154,-122.0635080,
295,593981228,36.9894127,-122.0631442,
296,593981273,36.9902914,-122.0634168,
297,593981276,36.9903140,-122.0632636,
298,593981277,36.9901620,-122.0632892,
299,593981284,36.9899895,-122.0631950,
300,596715685,36.9957997,-122.0520310,
301,596715694,36.9961855,-122.0523098,
302,596715695,36.9958530,-122.0513445,
303,596715713,36.9968036,-122.0514922,
304,598367764,36.9920597,-122.0609447,
305,598367767,36.9906416,-122.0611874,
306,598368096,37.0008485,-122.0649356,
307,603996186,36.9872539,-122.0643367,
308,603996192,36.9867932,-122.0646542,
309,606309118,36.9960647,-122.0540794,
310,606309120,36.9961016,-122.0543275,
311,606309126,36.9959406,-122.0538464,
312,606309130,36.9923612,-122.0524747,
313,606309131,36.9949979,-122.0523723,
314,617504556,36.9974382,-122.0668652,
315,617505516,36.9931010,-122.0670706,
316,617505519,36.9931721,-122.0662772,
317,617505527,36.9943852,-122.0670011,
318,617505537,36.9951598,-122.0666905,
319,617505887,36.9964407,-122.0649733,
320,617505889,36.9964398,-122.0649371,
321,617505890,36.9967855,-122.0651479,
322,617505898,36.9966647,-122.0639167,
323,617505902,36.9968588,-122.0637811,
324,617505906,36.9972416,-122.0625600,
325,617506236,36.9959538,-122.0582245,
326,617506238,36.9959104,-122.0573368,
327,617506240,36.9961812,-122.0579582,
328,617509170,36.9944034,-122.0634704,
329,617509171,36.9963252,-122.0591246,
330,639440651,37.0000158,-122.0642486,
331,639440684,37.0015695,-122.0661353,
332,639440737,37.0010680,-122.0638990,
333,639440773,37.0016963,-122.0645404,
334,639440783,37.0017918,-122.0638991,
335,678179161,36.9911918,-122.0607371,
336,678179162,36.9913183,-122.0603637,
337,678179164,36.9913763,-122.0602284,
338,678179166,36.9915622,-122.0598461,
339,678179181,36.9911519,-122.0610591,
340,678179187,36.9918578,-122.0601661,
341,678179190,36.9937340,-122.0589884,
342,678179197,36.9930036,-122.0571053,
343,804826509,36.9990321,-122.0542757,
344,804826518,37.0000693,-122.0552002,
345,804826537,36.9992828,-122.0540466,
346,804826555,36.9987570,-122.0541142,
347,804826561,36.9994908,-122.0539518,
348,804826578,37.0003754,-122.0542471,
349,804826584,36.9996467,-122.0537976,
350,804826620,36.9988030,-122.0541151,
351,816323246,36.9953295,-122.0554044,
352,816323247,36.9960749,-122.0551946,
353,816323249,36.9971098,-122.0552776,
354,816323250,36.9945037,-122.0555384,
355,816899247,36.9958414,-122.0568058,
356,816899249,36.9946810,-122.0606238,
357,816899253,36.9942827,-122.0597512,
358,816899255,36.9979514,-122.0591895,
359,816899258,36.9964068,-122.0619374,
360,816899265,36.9989551,-122.0598899,
361,816899317,36.9978157,-122.0591462,
362,816899329,36.9995770,-122.0606885,
363,816899338,36.9961935,-122.0615098,
364,816899367,36.9980254,-122.0583938,
365,816899387,36.9953220,-122.0596568,
366,816899399,36.9977689,-122.0589815,
367,816899409,36.9952296,-122.0606944,
368,819560312,36.9973150,-122.0542808,
369,819560322,36.9970447,-122.0541479,
370,819560334,36.9969392,-122.0544292,
371,819560447,36.9967787,-122.0540670,
372,819560467,36.9964957,-122.0543374,
373,821267244,36.9969883,-122.0532235,
374,821267250,36.9966944,-122.0528425,
375,821267279,36.9965896,-122.0544651,
376,821267284,36.9966060,-122.0544004,
377,821267412,36.9966542,-122.0539252,
378,821267483,36.9964456,-122.0542207,
379,821267551,36.9964947,-122.0542332,
380,821267569,36.9968075,-122.0542914,
381,821267605,36.9971002,-122.0545289,
382,821267606,36.9970938,-122.0545720,
383,821267619,36.9967567,-122.0542754,
384,821267636,36.9973529,-122.0544620,
385,821267662,36.9972318,-122.0542042,
386,821267678,36.9972554,-122.0541254,
387,821267880,36.9972913,-122.0544378,
388,821267909,36.9969301,-122.0543429,
389,821295759,36.9971176,-122.0531476,
390,821295764,36.9967270,-122.0522524,
391,821295767,36.9966174,-122.0528658,
392,821295777,36.9972241,-122.0533579,
393,821909766,36.9974692,-122.0533534,
394,821909772,36.9969092,-122.0539897,
395,835586645,37.0004082,-122.0589779,
396,835586646,37.0006277,-122.0589221,
397,835586655,37.0010575,-122.0590302,
398,835586657,37.0006589,-122.0589938,
399,889089020,36.9986531,-122.0574258,
400,889089031,36.9987272,-122.0578444,
401,889102424,36.9981749,-122.0576239,
402,889164819,37.0021982,-122.0552118,
403,889164861,36.9968273,-122.0533525,
404,889164898,37.0017528,-122.0555482,
405,917157723,36.9964004,-122.0523063,
406,917157731,36.9964621,-122.0525158,
407,965234306,36.9957198,-122.0613422,
408,965234379,36.9998538,-122.0554146,
409,965234383,36.9952489,-122.0677095,
410,965234500,36.9958642,-122.0671147,
411,965234505,36.9951623,-122.0682433,
412,965234533,36.9960455,-122.0548056,
413,965234535,36.9941366,-122.0687314,
414,965234555,36.9972917,-122.0605805,
415,965234579,36.9950057,-122.0679482,
416,965244921,36.9948126,-122.0677015,
417,965244926,36.9955505,-122.0677406,
418,965244968,36.9956296,-122.0654853,
419,965244996,36.9939792,-122.0685631,
420,965245003,36.9949130,-122.0674429,
421,965245009,37.0018978,-122.0580947,
422,967427373,36.9963881,-122.0588894,
423,967427392,36.9970432,-122.0579352,
424,967427420,36.9962068,-122.0596500,
425,967427440,36.9975290,-122.0617759,
426,967427454,36.9970525,-122.0618999,
427,967427456,36.9969229,-122.0609634,
428,967427457,36.9968845,-122.0605335,
429,967673763,36.9939318,-122.0614411,
430,968286900,36.9941092,-122.0612460,
431,1290568693,37.0021630,-122.0587921,
432,1290568695,37.0014812,-122.0594034,
433,1290568697,37.0011515,-122.0590892,
434,1290568703,37.0029832,-122.0582700,
435,1290568705,37.0013089,-122.0592883,
436,1290568707,37.0012683,-122.0592378,
437,1290568709,37.0026597,-122.0581932,
438,1290568714,37.0029368,-122.0585120,
439,1290568717,37.0028236,-122.0580857,
440,1290568746,37.0024425,-122.0589681,
441,1290568750,37.0025944,-122.0585200,
442,1290568752,37.0020130,-122.0593200,
443,1290568758,37.0019847,-122.0592564,
444,1290568764,37.0019018,-122.0594907,
445,1290568767,37.0025036,-122.0590201,
446,1363148196,36.9978406,-122.0560459,
447,1363148213,36.9969233,-122.0599178,
448,1363148220,36.9972321,-122.0562456,
449,1381851187,37.0028572,-122.0651554,
450,1427486641,37.0021257,-122.0532562,
451,1427486645,37.0026168,-122.0526308,
452,1433706127,36.9938507,-122.0612142,
453,1592114377,36.9895801,-122.0679245,
454,1592114395,36.9901649,-122.0681823,
455,1592114396,36.9902976,-122.0688712,
456,1592114399,36.9908284,-122.0687207,
457,1592137589,36.9931389,-122.0627887,
458,1592137593,36.9936503,-122.0624771,
459,1592137596,36.9938241,-122.0620784,
460,1592137601,36.9940889,-122.0598525,
461,1592137602,36.9942135,-122.0622920,
462,1592137603,36.9944126,-122.0596968,
463,1592137608,36.9945784,-122.0597177,
464,1615858773,36.9909772,-122.0683632,
465,1615858805,36.9918564,-122.0673746,
466,1615858873,36.9937505,-122.0659005,
467,1615858904,36.9942441,-122.0654519,
468,1675163457,37.0001468,-122.0653564,
469,1675163505,37.0021487,-122.0518733,
470,1675163512,37.0022435,-122.0570031,
471,1675163518,37.0022738,-122.0557678,
472,1675163528,37.0022607,-122.0573400,
473,1675163552,37.0027880,-122.0606761,
474,1675163553,37.0019025,-122.0577670,
475,1820682522,36.9885821,-122.0632017,
476,1820682527,36.9912142,-122.0643953,
477,1820682531,36.9927344,-122.0619901,
478,1820682534,36.9927816,-122.0618549,
479,1820682538,36.9933639,-122.0609098,
480,1820682554,36.9995091,-122.0528982,
481,1820682621,37.0017606,-122.0577055,
482,1821707104,36.9989948,-122.0545861,
483,1821707108,36.9990794,-122.0542298,
484,1821707201,36.9995787,-122.0538205,
485,1821707207,36.9996053,-122.0545943,
486,1821707248,36.9997705,-122.0541897,
487,1821707458,37.0002653,-122.0552278,
488,1830508514,36.9883784,-122.0681454,
489,1858135124,36.9973031,-122.0617934,
490,1956855042,36.9992103,-122.0617953,
491,1956855071,36.9993066,-122.0612718,
492,1956855084,36.9953063,-122.0549443,
493,1956855086,36.9991037,-122.0612663,
494,1965737037,37.0014546,-122.0545445,
495,1965823717,37.0017952,-122.0540063,
496,1965823726,37.0021508,-122.0552422,
497,1965823747,37.0020162,-122.0541498,
498,1965846031,37.0008459,-122.0540208,
499,1965846055,37.0012328,-122.0544745,
500,1965846067,37.0010215,-122.0543868,
501,1965846068,37.0010662,-122.0537136,
502,1971154858,36.9999109,-122.0537596,
503,1971180072,36.9995440,-122.0522348,
504,1971180113,36.9997677,-122.0521187,
505,1971180180,36.9997602,-122.0514050,
506,1971180232,36.9998159,-122.0510215,
507,1971180246,36.9998342,-122.0515669,
508,1986155514,36.9990135,-122.0535861,
509,1986155577,36.9994793,-122.0532151,
510,1986155644,36.9995842,-122.0525928,
511,1988585245,37.0017092,-122.0572876,
512,1989336898,36.9984779,-122.0644448,
513,1989337046,37.0000318,-122.0647608,
514,1989337050,37.0000473,-122.0643740,
515,1991119870,36.9931776,-122.0593619,
516,1991119872,36.9932086,-122.0610929,
517,1991119874,36.9931965,-122.0592871,
518,1991119908,36.9934399,-122.0607202,
519,1991119940,36.9935786,-122.0618176,
520,1991119957,36.9937822,-122.0623175,
521,1991119960,36.9939142,-122.0602020,
522,1991119964,36.9939672,-122.0598531,
523,1991120001,36.9951627,-122.0617551,
524,1991374417,37.0029373,-122.0584666,
525,1991442712,36.9938165,-122.0617173,
526,1991442720,36.9940945,-122.0624515,
527,1991442730,36.9942988,-122.0619128,
528,1991442734,36.9943226,-122.0617953,
529,1991442736,36.9944164,-122.0616808,
530,1991442742,36.9950230,-122.0621333,
531,1993048877,36.9967320,-122.0524366,
532,1993092625,36.9976873,-122.0536239,
533,1993218881,37.0001164,-122.0587644,
534,1996247981,36.9894881,-122.0677138,
535,1996247982,36.9894411,-122.0677539,
536,1997777620,36.9938743,-122.0649473,
537,1997777623,36.9939509,-122.0653421,
538,1997777627,36.9941222,-122.0645645,
539,1997777628,36.9941340,-122.0645193,
540,1997777631,36.9944909,-122.0647623,
541,1999009049,36.9923227,-122.0609841,
542,1999009115,36.9929857,-122.0650950,
543,1999009135,36.9931304,-122.0626864,
544,1999009150,36.9932919,-122.0620529,
545,1999009155,36.9935603,-122.0639296,
546,1999009172,36.9938575,-122.0624958,
547,1999009188,36.9940750,-122.0626591,
548,1999009231,36.9944254,-122.0622495,
549,1999009238,36.9944775,-122.0635640,
550,1999009278,36.9969309,-122.0635648,
551,1999009302,36.9976501,-122.0624723,
552,1999054729,36.9974385,-122.0671043,
553,1999054739,37.0013038,-122.0659747,
554,1999129430,36.9968684,-122.0672444,
555,1999129437,36.9972394,-122.0673873,
556,1999401041,36.9947051,-122.0654149,
557,1999401059,36.9974159,-122.0658901,
558,1999401061,36.9975947,-122.0661699,
559,1999480929,36.9928303,-122.0520942,
560,1999480933,36.9929848,-122.0531632,
561,2001934667,36.9997651,-122.0586034,
562,2001934669,37.0000893,-122.0590767,
563,2001934671,37.0001531,-122.0591015,
564,2001934810,37.0016618,-122.0578362,
565,2003562103,36.9970626,-122.0571321,
566,2003562109,36.9971385,-122.0554137,
567,2003562118,36.9972380,-122.0556504,
568,2003562126,36.9972627,-122.0553618,
569,2003562145,36.9973185,-122.0553071,
570,2003562148,36.9980214,-122.0570034,
571,2003562155,36.9973972,-122.0554639,
572,2003562161,36.9974472,-122.0560627,
573,2003562200,36.9979308,-122.0562064,
574,2003562278,36.9986960,-122.0556292,
575,2005578909,36.9974403,-122.0522790,
576,2005578924,36.9976304,-122.0519856,
577,2005578927,36.9978436,-122.0520215,
578,2006048857,36.9905511,-122.0660628,
579,2007061589,37.0004120,-122.0540875,
580,2008822445,36.9977938,-122.0536479,
581,2008822447,36.9974783,-122.0539495,
582,2008822472,36.9979608,-122.0543322,
583,2008822475,36.9981901,-122.0539862,
584,2008822501,36.9983677,-122.0538310,
585,2008822524,36.9975996,-122.0543224,
586,2008822527,36.9983503,-122.0542370,
587,2008822533,36.9982494,-122.0543413,
588,2008822550,36.9974914,-122.0539944,
589,2008961491,37.0013045,-122.0629516,
590,2008961506,37.0015232,-122.0622027,
591,2009042773,37.0003635,-122.0639245,
592,2009596958,37.0006826,-122.0589185,
593,2009596987,37.0020057,-122.0582202,
594,2009596989,37.0020424,-122.0596437,
595,2009596997,37.0020373,-122.0586376,
596,2013492438,36.9905813,-122.0633562,
597,2013492441,36.9913520,-122.0639336,
598,2015656076,36.9935731,-122.0609622,
599,2015656084,36.9929045,-122.0606770,
600,2015656088,36.9927495,-122.0608037,
601,2041191360,36.9972897,-122.0524430,
602,2041336697,36.9956645,-122.0517820,
603,2041336704,36.9959831,-122.0524846,
604,2041336706,36.9959880,-122.0523915,
605,2041336710,36.9959990,-122.0522821,
606,2041336711,36.9960097,-122.0523988,
607,2041336719,36.9961646,-122.0519058,
608,2041336723,36.9962102,-122.0525340,
609,2041336726,36.9962172,-122.0524818,
610,2041336727,36.9962228,-122.0524356,
611,2041336729,36.9962314,-122.0523120,
612,2041336733,36.9962464,-122.0524388,
613,2041336734,36.9962477,-122.0524862,
614,2041336737,36.9962805,-122.0521535,
615,2041336738,36.9963008,-122.0515756,
616,2041336739,36.9962869,-122.0526224,
617,2041336742,36.9963386,-122.0525071,
618,2041336743,36.9963392,-122.0525302,
619,2041336745,36.9963553,-122.0521469,
620,2041336747,36.9963700,-122.0522580,
621,2041336749,36.9963872,-122.0521606,
622,2041336751,36.9963877,-122.0514379,
623,2041336755,36.9964076,-122.0526444,
624,2041336756,36.9964080,-122.0515453,
625,2041336758,36.9964123,-122.0514188,
626,2041336760,36.9964268,-122.0516376,
627,2041336761,36.9964272,-122.0516935,
628,2041336766,36.9964530,-122.0516310,
629,2041336768,36.9964745,-122.0520795,
630,2041336771,36.9964985,-122.0520156,
631,2041336772,36.9964975,-122.0517363,
632,2041336778,36.9965315,-122.0516457,
633,2041336779,36.9965452,-122.0517179,
634,2041336781,36.9965572,-122.0513922,
635,2041336784,36.9965963,-122.0524259,
636,2041336785,36.9965880,-122.0517876,
637,2041336786,36.9965872,-122.0517564,
638,2041336788,36.9965947,-122.0520694,
639,2041336789,36.9965981,-122.0527474,
640,2041336792,36.9966077,-122.0523805,
641,2041336793,36.9966148,-122.0524565,
642,2041336802,36.9966381,-122.0528554,
643,2041336810,36.9967703,-122.0517828,
644,2041336837,36.9970098,-122.0509217,
645,2041336839,36.9970557,-122.0514184,
646,2041336846,36.9970439,-122.0520348,
647,2041336847,36.9970619,-122.0524708,
648,2041336850,36.9970766,-122.0508391,
649,2041336851,36.9970861,-122.0508595,
650,2041336853,36.9971200,-122.0524723,
651,2041336855,36.9971062,-122.0520963,
652,2041336856,36.9971061,-122.0520374,
653,2041336857,36.9971065,-122.0521499,
654,2041336860,36.9971132,-122.0513647,
655,2041336868,36.9970935,-122.0509573,
656,2041336871,36.9971876,-122.0515970,
657,2041336873,36.9972157,-122.0512538,
658,2041336874,36.9972157,-122.0513323,
659,2041336877,36.9972401,-122.0515622,
660,2041336884,36.9972913,-122.0512807,
661,2041336889,36.9972912,-122.0512219,
662,2041336891,36.9973826,-122.0524430,
663,2041336893,36.9973961,-122.0507599,
664,2041336894,36.9973859,-122.0517925,
665,2041336897,36.9974300,-122.0510241,
666,2041336898,36.9974596,-122.0525123,
667,2041336899,36.9974503,-122.0511602,
668,2041336900,36.9974452,-122.0523593,
669,2041336903,36.9974490,-122.0518165,
670,2041336907,36.9974588,-122.0510208,
671,2041336909,36.9975036,-122.0524182,
672,2041336912,36.9974841,-122.0515009,
673,2041336914,36.9974876,-122.0517739,
674,2041336920,36.9975421,-122.0518536,
675,2041336929,36.9976000,-122.0517692,
676,2041336932,36.9975996,-122.0509481,
677,2041336934,36.9976697,-122.0525904,
678,2041336938,36.9976508,-122.0516760,
679,2041336940,36.9976882,-122.0514518,
680,2041336941,36.9976849,-122.0507707,
681,2041336948,36.9977165,-122.0518308,
682,2041336954,36.9978320,-122.0517360,
683,2041336955,36.9978493,-122.0507493,
684,2041336956,36.9978557,-122.0516978,
685,2041336957,36.9978624,-122.0507352,
686,2041336958,36.9978846,-122.0511256,
687,2041336960,36.9978831,-122.0507900,
688,2041336962,36.9979084,-122.0512790,
689,2041336963,36.9979130,-122.0507198,
690,2041336967,36.9979641,-122.0507185,
691,2041336969,36.9980019,-122.0516948,
692,2041336972,36.9982085,-122.0520867,
693,2043199197,36.9946930,-122.0554629,
694,2043199244,36.9967081,-122.0544092,
695,2043199253,36.9973078,-122.0527429,
696,2043199260,36.9979029,-122.0525697,
697,2046880137,36.9931045,-122.0595361,
698,2046882979,36.9930334,-122.0597652,
699,2046902580,36.9934350,-122.0599282,
700,2046966182,36.9948784,-122.0610825,
701,2046967189,36.9948176,-122.0610811,
702,2047258775,36.9948898,-122.0620906,
703,2047258777,36.9949539,-122.0617975,
704,2047258814,36.9954539,-122.0622695,
705,2047439259,36.9978741,-122.0568481,
706,2047440293,36.9978372,-122.0566798,
707,2047440401,36.9980729,-122.0566731,
708,2047442973,36.9958967,-122.0570928,
709,2047443223,36.9962759,-122.0569944,
710,2047444610,36.9960393,-122.0567885,
711,2047611114,36.9972928,-122.0657812,
712,2048191225,36.9962489,-122.0543517,
713,2048191226,36.9963432,-122.0541833,
714,2048191227,36.9963619,-122.0549079,
715,2048191228,36.9963360,-122.0544882,
716,2048191229,36.9963937,-122.0537860,
717,2048191230,36.9966046,-122.0549018,
718,2048191231,36.9966366,-122.0537844,
719,2048191232,36.9966337,-122.0548345,
720,2048191234,36.9968101,-122.0546891,
721,2048191237,36.9968796,-122.0543275,
722,2048191242,36.9969861,-122.0538248,
723,2048191249,36.9970567,-122.0534202,
724,2048191253,36.9971422,-122.0538798,
725,2048191254,36.9971450,-122.0536492,
726,2048191256,36.9971195,-122.0532086,
727,2048191261,36.9972820,-122.0538764,
728,2048191262,36.9972827,-122.0536491,
729,2048191265,36.9972672,-122.0548618,
730,2048191267,36.9973219,-122.0547752,
731,2048191275,36.9974924,-122.0541997,
732,2048191276,36.9974658,-122.0542725,
733,2048191277,36.9974678,-122.0542426,
734,2048191281,36.9975680,-122.0544063,
735,2048191283,36.9976187,-122.0544912,
736,2048191284,36.9976188,-122.0545007,
737,2050222916,36.9966243,-122.0546720,
738,2050222918,36.9966822,-122.0529450,
739,2050222920,36.9966937,-122.0529452,
740,2050222923,36.9967023,-122.0534123,
741,2050222961,36.9968652,-122.0527997,
742,2050222981,36.9969876,-122.0534181,
743,2050222984,36.9970252,-122.0541411,
744,2050223012,36.9974043,-122.0539307,
745,2050396282,36.9890873,-122.0653136,
746,2050396284,36.9888242,-122.0651304,
747,2050516997,36.9991983,-122.0538466,
748,2050535372,36.9997146,-122.0536638,
749,2050597583,36.9969657,-122.0534984,
750,2050597586,36.9969642,-122.0536515,
751,2050617088,36.9929308,-122.0644432,
752,2050617091,36.9949997,-122.0652478,
753,2050617101,36.9953222,-122.0657266,
754,2050617119,36.9948758,-122.0654302,
755,2050633165,36.9944207,-122.0655889,
756,2050638903,36.9938503,-122.0653149,
757,2050657079,36.9948611,-122.0650524,
758,2050761334,36.9967991,-122.0621072,
759,2050765831,37.0007041,-122.0542191,
760,2050771564,37.0005262,-122.0538955,
761,2050867845,36.9959021,-122.0571340,
762,2051780191,36.9906158,-122.0651313,
763,2051780194,36.9905456,-122.0648079,
764,2051780206,36.9909658,-122.0647071,
765,2051780209,36.9905753,-122.0649237,
766,2051780216,36.9910616,-122.0652078,
767,2051780227,36.9910475,-122.0650756,
768,2051994671,36.9995876,-122.0547693,
769,2052053323,36.9997147,-122.0537326,
770,2052053324,36.9997189,-122.0538135,
771,2052098291,36.9947595,-122.0657280,
772,2052182901,36.9970498,-122.0531484,
773,2052464378,37.0021254,-122.0580715,
774,2053333812,36.9986106,-122.0646684,
775,2053349206,36.9964631,-122.0549837,
776,2053349207,36.9963628,-122.0549887,
777,2053358678,36.9977129,-122.0545007,
778,2053535035,36.9916187,-122.0658563,
779,2053535036,36.9916291,-122.0642511,
780,2053535037,36.9916402,-122.0658194,
781,2053535039,36.9918727,-122.0639246,
782,2053535044,36.9920573,-122.0642069,
783,2053535055,36.9922577,-122.0658770,
784,2053535057,36.9924017,-122.0645670,
785,2053535064,36.9923848,-122.0640358,
786,2053535066,36.9924136,-122.0657165,
787,2053535073,36.9926430,-122.0644689,
788,2053557533,36.9900269,-122.0641270,
789,2053557536,36.9900441,-122.0639836,
790,2053557542,36.9900958,-122.0637926,
791,2053557544,36.9900637,-122.0636529,
792,2053601132,36.9938459,-122.0652334,
793,2053601138,36.9929150,-122.0645178,
794,2053601140,36.9958174,-122.0651499,
795,2053601146,36.9954766,-122.0652416,
796,2053601151,36.9931487,-122.0648109,
797,2053641985,36.9986435,-122.0663296,
798,2053641994,36.9982665,-122.0659825,
799,2053641998,36.9982003,-122.0662053,
800,2053642006,36.9981109,-122.0659776,
801,2053671115,37.0003716,-122.0637309,
802,2053671121,37.0010996,-122.0630690,
803,2053671132,37.0007519,-122.0617290,
804,2053671133,37.0009654,-122.0636107,
805,2053671157,37.0003485,-122.0624643,
806,2053703129,36.9976054,-122.0596557,
807,2053703160,36.9976064,-122.0595502,
808,2053703171,36.9987298,-122.0615896,
809,2053703185,36.9988289,-122.0618252,
810,2053703207,36.9982945,-122.0604110,
811,2053703213,36.9986605,-122.0600101,
812,2053703234,36.9975607,-122.0599789,
813,2053703246,36.9988570,-122.0608500,
814,2053703248,36.9979907,-122.0600188,
815,2053703262,36.9980841,-122.0616132,
816,2053703277,36.9981648,-122.0603798,
817,2053703288,36.9983953,-122.0607830,
818,2053703304,36.9995516,-122.0616494,
819,2053703307,36.9991357,-122.0616857,
820,2053703308,36.9985318,-122.0599692,
821,2053703310,36.9985680,-122.0612105,
822,2053703363,36.9985189,-122.0612089,
823,2053703389,36.9980566,-122.0614438,
824,2053703405,36.9986995,-122.0603549,
825,2054080224,36.9986202,-122.0595791,
826,2054080243,36.9988228,-122.0615381,
827,2059243112,36.9913458,-122.0656429,
828,2059243114,36.9914879,-122.0654056,
829,2059243115,36.9914973,-122.0654113,
830,2059547137,36.9972509,-122.0513346,
831,2060394411,36.9957965,-122.0510348,
832,2060739723,36.9913965,-122.0547459,
833,2060739727,36.9914500,-122.0545778,
834,2060739754,36.9918056,-122.0548160,
835,2060739755,36.9918163,-122.0550096,
836,2060767315,36.9985206,-122.0548733,
837,2060767319,36.9985451,-122.0543415,
838,2060767325,36.9986135,-122.0545787,
839,2062141096,36.9981932,-122.0625700,
840,2062141097,36.9981828,-122.0628139,
841,2062219596,36.9997981,-122.0646516,
842,2062219598,36.9997797,-122.0648311,
843,2062219601,36.9997750,-122.0646657,
844,2062219604,36.9999479,-122.0647014,
845,2062274782,36.9949950,-122.0625628,
846,2062274783,36.9947707,-122.0611863,
847,2062274784,36.9947747,-122.0609779,
848,2062274797,36.9951360,-122.0617524,
849,2062274798,36.9942410,-122.0594387,
850,2062274799,36.9951835,-122.0615661,
851,2062274802,36.9950298,-122.0617216,
852,2062274806,36.9962157,-122.0614924,
853,2062274810,36.9950491,-122.0614763,
854,2062274817,36.9957262,-122.0616743,
855,2062274825,36.9957031,-122.0612231,
856,2062274826,36.9950457,-122.0615614,
857,2062274844,36.9945036,-122.0608257,
858,2062274845,36.9946764,-122.0608452,
859,2062274846,36.9941638,-122.0590599,
860,2062280178,36.9943239,-122.0610966,
861,2062280182,36.9943349,-122.0609588,
862,2062306390,36.9953271,-122.0596827,
863,2062306392,36.9952634,-122.0597998,
864,2062332862,36.9962897,-122.0567100,
865,2064178296,36.9971857,-122.0515330,
866,2065719845,36.9904769,-122.0490505,
867,2068037285,36.9971074,-122.0518186,
868,2068037301,36.9973804,-122.0521523,
869,2068037303,36.9973860,-122.0518501,
870,2068040380,36.9910903,-122.0501625,
871,2068040386,36.9913186,-122.0494995,
872,2068040387,36.9913191,-122.0496783,
873,2068048616,36.9960855,-122.0525057,
874,2068048618,36.9965363,-122.0525186,
875,2068995446,36.9910213,-122.0545385,
876,2068995472,36.9950608,-122.0537817,
877,2069408442,36.9959735,-122.0548292,
878,2069408462,36.9976149,-122.0537840,
879,2069408464,36.9976460,-122.0550814,
880,2069408521,36.9981760,-122.0552547,
881,2069408529,36.9981707,-122.0551983,
882,2069408540,36.9983157,-122.0542817,
883,2069408551,36.9984351,-122.0551171,
884,2069408553,36.9987140,-122.0549547,
885,2071961562,36.9960864,-122.0524864,
886,2072031606,36.9975356,-122.0659089,
887,2072031607,36.9975467,-122.0657407,
888,2077941890,36.9966231,-122.0524547,
889,2077941895,36.9968239,-122.0521662,
890,2077941901,36.9971595,-122.0516412,
891,2077989492,36.9990601,-122.0546126,
892,2078422526,36.9969105,-122.0538241,
893,2078422535,36.9974651,-122.0541959,
894,2078422539,36.9976575,-122.0533787,
895,2078422541,36.9976241,-122.0539125,
896,2078422543,36.9976763,-122.0538091,
897,2078422546,36.9976800,-122.0538535,
898,2079174229,36.9959656,-122.0552124,
899,2079174230,36.9961503,-122.0551756,
900,2079174232,36.9960997,-122.0553049,
901,2079174238,36.9964983,-122.0552571,
902,2079174248,36.9966096,-122.0528588,
903,2079174267,36.9971430,-122.0558006,
904,2079174270,36.9971458,-122.0558623,
905,2079174275,36.9972360,-122.0558880,
906,2079174277,36.9972781,-122.0551888,
907,2079174279,36.9972860,-122.0558819,
908,2079174287,36.9982232,-122.0539580,
909,2079174303,36.9985360,-122.0541595,
910,2079174305,36.9985426,-122.0542626,
911,2079174308,36.9986040,-122.0540994,
912,2079174310,36.9986555,-122.0540639,
913,2079174313,36.9987383,-122.0550129,
914,2079483382,36.9965838,-122.0524632,
915,2079483407,36.9959736,-122.0523851,
916,2079483410,36.9962723,-122.0527371,
917,2079483413,36.9962943,-122.0527838,
918,2079483416,36.9965144,-122.0526027,
919,2079483426,36.9966413,-122.0526556,
920,2079483437,36.9969866,-122.0513258,
921,2079483439,36.9969835,-122.0530165,
922,2079483459,36.9977732,-122.0550032,
923,2079483461,36.9978446,-122.0551336,
924,2079483466,36.9978476,-122.0551209,
925,2079483495,36.9981765,-122.0546423,
926,2079483498,36.9981996,-122.0546158,
927,2102286664,37.0007895,-122.0610653,
928,2102286667,37.0009114,-122.0623466,
929,2103558196,36.9924758,-122.0620091,
930,2104926413,37.0011394,-122.0630635,
931,2104926416,37.0002253,-122.0626823,
932,2113072021,37.0000985,-122.0619927,
933,2113082831,37.0000107,-122.0619076,
934,2113082836,36.9999567,-122.0615438,
935,2113082837,36.9992200,-122.0619896,
936,2113082840,36.9995629,-122.0614070,
937,2113089758,36.9973435,-122.0670303,
938,2113095182,36.9957057,-122.0595510,
939,2113095189,36.9956048,-122.0596484,
940,2113095192,36.9955836,-122.0596897,
941,2113095196,36.9956966,-122.0594487,
942,2113095197,36.9954826,-122.0596662,
943,2114959861,36.9998829,-122.0585904,
944,2114959866,36.9999652,-122.0579641,
945,2114959870,37.0001432,-122.0571947,
946,2114959872,37.0002322,-122.0606077,
947,2115108859,36.9998633,-122.0579872,
948,2115108868,37.0001325,-122.0606334,
949,2115108869,37.0001384,-122.0607230,
950,2117056430,36.9992121,-122.0616863,
951,2117056432,36.9989283,-122.0612225,
952,2117063656,36.9987293,-122.0613187,
953,2117063662,36.9987733,-122.0609641,
954,2117063666,36.9987745,-122.0608646,
955,2117089372,36.9980915,-122.0615653,
956,2117089374,36.9980373,-122.0615652,
957,2117089375,36.9983839,-122.0605184,
958,2117089381,36.9981772,-122.0624710,
959,2117089382,36.9979756,-122.0615676,
960,2134338827,37.0005520,-122.0576012,
961,2134356482,37.0022011,-122.0596695,
962,2136762062,37.0001621,-122.0549218,
963,2136762063,37.0001983,-122.0546530,
964,2136762070,37.0001540,-122.0537196,
965,2136766254,37.0000830,-122.0523818,
966,2136766258,36.9999947,-122.0520891,
967,2136766263,37.0000226,-122.0522793,
968,2136766264,36.9998237,-122.0523281,
969,2136768153,36.9994747,-122.0534612,
970,2143332494,37.0003621,-122.0584138,
971,2143358013,37.0019821,-122.0537281,
972,2143358014,37.0018657,-122.0532632,
973,2143358019,37.0017350,-122.0538124,
974,2143358022,37.0016796,-122.0528681,
975,2143358026,37.0016862,-122.0530612,
976,2143358027,37.0016803,-122.0530248,
977,2143358030,37.0019421,-122.0531002,
978,2143358226,37.0013897,-122.0536480,
979,2143358228,37.0017033,-122.0533347,
980,2143358229,37.0016417,-122.0534166,
981,2143358522,37.0015752,-122.0540888,
982,2143360634,37.0009647,-122.0551461,
983,2143360636,37.0012823,-122.0553189,
984,2143360641,37.0013918,-122.0554185,
985,2146031704,36.9941184,-122.0653045,
986,2146034645,36.9941880,-122.0652884,
987,2146044792,36.9951713,-122.0656387,
988,2148117472,36.9958464,-122.0651509,
989,2148117473,36.9960551,-122.0651679,
990,2155259954,36.9895066,-122.0626625,
991,2155259956,36.9897428,-122.0630219,
992,2155259960,36.9897063,-122.0631252,
993,2155268440,36.9898233,-122.0645759,
994,2164870490,36.9899226,-122.0647796,
995,2166226891,36.9916735,-122.0649120,
996,2166226908,36.9926324,-122.0639770,
997,2166235680,36.9913950,-122.0644707,
998,2166239300,36.9910487,-122.0636846,
999,2166239302,36.9911471,-122.0635351,
1000,2166239371,36.9914326,-122.0652327,
1001,2166253696,36.9914298,-122.0645525,
1002,2166253701,36.9916220,-122.0647041,
1003,2176385659,36.9954732,-122.0650556,
1004,2176412654,36.9958857,-122.0649993,
1005,2190567579,36.9994347,-122.0544940,
1006,2190567580,36.9993283,-122.0543286,
1007,2190567583,36.9993814,-122.0544913,
1008,2190567586,36.9995227,-122.0546522,
1009,2245490997,37.0006061,-122.0545942,
1010,2263405992,36.9999145,-122.0512540,
1011,2278960596,37.0012978,-122.0589656,
1012,2278968065,37.0002422,-122.0580827,
1013,2289356266,37.0016379,-122.0542101,
1014,2289356301,37.0021049,-122.0530006,
1015,2289356313,37.0022084,-122.0529263,
1016,2306993596,36.9983933,-122.0609668,
1017,2306993599,36.9983384,-122.0609675,
1018,2326393775,36.9989088,-122.0558758,
1019,2326393778,37.0001983,-122.0563598,
1020,2326393780,36.9998888,-122.0564553,
1021,2327919480,36.9894465,-122.0642174,
1022,2327919481,36.9895577,-122.0643274,
1023,2327919485,36.9897633,-122.0653171,
1024,2327919490,36.9900205,-122.0652303,
1025,2327919493,36.9901960,-122.0651666,
1026,2327919498,36.9905522,-122.0661002,
1027,2327919500,36.9905708,-122.0661591,
1028,2327919503,36.9906172,-122.0658954,
1029,2327919508,36.9922987,-122.0654033,
1030,2332515921,36.9930044,-122.0678443,
1031,2332515996,36.9938818,-122.0609164,
1032,2334890601,37.0021285,-122.0571748,
1033,2364340652,36.9892536,-122.0673889,
1034,2364340738,37.0001020,-122.0625030,
1035,2371046272,37.0018555,-122.0524794,
1036,2443995070,36.9962409,-122.0689880,
1037,2544243715,37.0012379,-122.0660260,
1038,2650521144,36.9922247,-122.0499549,
1039,2650521151,36.9922491,-122.0501390,
1040,2650521196,36.9944334,-122.0550617,
1041,2650521200,36.9944456,-122.0557588,
1042,2650521203,36.9944335,-122.0550428,
1043,2650521230,36.9946909,-122.0555821,
1044,2650521237,36.9948216,-122.0513479,
1045,2650521239,36.9948441,-122.0510955,
1046,2650521252,36.9950402,-122.0512920,
1047,2681240057,36.9879045,-122.0686241,
1048,2681292324,36.9951376,-122.0617892,
1049,2690518965,36.9911983,-122.0547534,
1050,2690518968,36.9912381,-122.0546705,
1051,2690518979,36.9964861,-122.0553539,
1052,2690518993,36.9998935,-122.0584686,
1053,2765722549,36.9874236,-122.0487965,
1054,3030963115,36.9899283,-122.0695623,
1055,3030963116,36.9901803,-122.0671026,
1056,3227028675,36.9915812,-122.0685785,
1057,3227498741,36.9922145,-122.0680613,
1058,3227498747,36.9922600,-122.0680274,
1059,3227498758,36.9922963,-122.0684092,
1060,3227538902,36.9972587,-122.0521497,
1061,3228921131,36.9926258,-122.0523290,
1062,3228921135,36.9928609,-122.0528976,
1063,3228921139,36.9930716,-122.0530074,
1064,3228921149,36.9940587,-122.0547255,
1065,3228921176,36.9953823,-122.0554019,
1066,3228921187,36.9971990,-122.0553040,
1067,3581612450,36.9968275,-122.0564812,
1068,3581612452,36.9967770,-122.0559100,
1069,3701957237,36.9943601,-122.0590402,
1070,3715389926,37.0015771,-122.0650765,
1071,3721667219,37.0000351,-122.0562299,
1072,3729889525,37.0003054,-122.0546593,
1073,3738218320,37.0008105,-122.0620524,
1074,3742879209,37.0023097,-122.0592824,
1075,3744148515,36.9965318,-122.0618681,
1076,3744159835,37.0013175,-122.0627322,
1077,3744159836,37.0012384,-122.0628523,
1078,3744160799,37.0013208,-122.0581462,
1079,3744310119,36.9995299,-122.0531433,
1080,3744318750,36.9999448,-122.0537120,
1081,3793174098,36.9933297,-122.0608765,
1082,3793174111,36.9928304,-122.0607342,
1083,3793174112,36.9934766,-122.0598043,
1084,3793174119,36.9929052,-122.0594713,
1085,3793174121,36.9930097,-122.0593071,
1086,3793174126,36.9931541,-122.0593550,
1087,3793174127,36.9934656,-122.0585300,
1088,3841838994,37.0003405,-122.0535083,
1089,3841838996,37.0002751,-122.0532122,
1090,3841838998,37.0000240,-122.0528688,
1091,3841839000,36.9999652,-122.0531551,
1092,3841839010,36.9997981,-122.0529394,
1093,3841839015,37.0000388,-122.0532747,
1094,3841839016,37.0000297,-122.0533862,
1095,3841839019,36.9997251,-122.0534401,
1096,3841839021,36.9996897,-122.0532866,
1097,3841839025,37.0000297,-122.0535288,
1098,3841839167,37.0002258,-122.0533021,
1099,3841839170,36.9997841,-122.0527665,
1100,3841839171,36.9997989,-122.0527665,
1101,3841839188,37.0000671,-122.0535300,
1102,3859732380,37.0000110,-122.0522384,
1103,3859732383,36.9997972,-122.0521979,
1104,3859732384,36.9998083,-122.0522533,
1105,3859732385,36.9998698,-122.0522376,
1106,3859732387,36.9999938,-122.0521781,
1107,3859732388,36.9996293,-122.0528621,
1108,3859755360,37.0002116,-122.0532086,
1109,3859755362,37.0002605,-122.0534574,
1110,3859755363,37.0002286,-122.0532925,
1111,3859757959,37.0002612,-122.0535378,
1112,3870175482,36.9995196,-122.0553042,
1113,3874169383,36.9998125,-122.0511673,
1114,3877208355,36.9983341,-122.0604446,
1115,3877209559,36.9994444,-122.0536707,
1116,3877209563,36.9996241,-122.0535774,
1117,3877209564,36.9996308,-122.0533462,
1118,3877209569,36.9997035,-122.0527585,
1119,3877209570,36.9996976,-122.0533398,
1120,3877209574,36.9997410,-122.0520447,
1121,3877209576,36.9998704,-122.0536411,
1122,3877209579,36.9999390,-122.0536757,
1123,3877209580,37.0000698,-122.0535921,
1124,3877417222,36.9979603,-122.0623851,
1125,3877417226,36.9981771,-122.0624464,
1126,3877417238,36.9983802,-122.0607834,
1127,3877417239,36.9983380,-122.0612524,
1128,3877417244,36.9985198,-122.0612494,
1129,3877417247,36.9987273,-122.0614258,
1130,3877417254,36.9988675,-122.0602583,
1131,3877421859,36.9990813,-122.0610074,
1132,3877443822,36.9937604,-122.0611303,
1133,3878785309,36.9983587,-122.0598972,
1134,3954639568,36.9968434,-122.0639096,
1135,3954639581,36.9983928,-122.0645461,
1136,3954639586,36.9986537,-122.0646160,
1137,4020682845,36.9933256,-122.0550913,
1138,4022928515,36.9989726,-122.0559651,
1139,4022928534,36.9989477,-122.0567734,
1140,4022928555,36.9984702,-122.0586497,
1141,4024115103,36.9972448,-122.0545410,
1142,4037277245,36.9892138,-122.0660322,
1143,4037277255,36.9894594,-122.0664708,
1144,4037277256,36.9893807,-122.0665667,
1145,4037277260,36.9890020,-122.0667622,
1146,4037277272,36.9893311,-122.0661943,
1147,4037277283,36.9894049,-122.0663756,
1148,4037277288,36.9896771,-122.0669137,
1149,4037631354,36.9938993,-122.0620804,
1150,4037631366,36.9955089,-122.0595563,
1151,4037631367,36.9979562,-122.0615687,
1152,4037631373,36.9983341,-122.0615408,
1153,4037631379,36.9982207,-122.0601631,
1154,4037631382,36.9981451,-122.0602734,
1155,4037631890,36.9979553,-122.0612004,
1156,4037631893,36.9982912,-122.0613043,
1157,4037631894,36.9988624,-122.0598425,
1158,4037648243,36.9991611,-122.0631852,
1159,4179620634,36.9915948,-122.0682209,
1160,4179620641,36.9915631,-122.0679442,
1161,4179620644,36.9915792,-122.0676245,
1162,4179620647,36.9916429,-122.0675353,
1163,4179620649,36.9916262,-122.0676501,
1164,4188330091,36.9954867,-122.0665374,
1165,4188447719,37.0001617,-122.0568668,
1166,4188447723,37.0003431,-122.0565579,
1167,4188447725,37.0002922,-122.0563707,
1168,4188493530,37.0012026,-122.0582748,
1169,4188493537,37.0012563,-122.0590035,
1170,4188493541,36.9978641,-122.0656834,
1171,4188493542,36.9972700,-122.0554670,
1172,4188493543,36.9972857,-122.0556645,
1173,4309984847,36.9935534,-122.0552041,
1174,4412678480,37.0025316,-122.0582826,
1175,4412678487,37.0021177,-122.0580824,
1176,4412679493,37.0023333,-122.0585008,
1177,4412679494,37.0022481,-122.0583044,
1178,4412679495,37.0021352,-122.0583043,
1179,4412679496,37.0017112,-122.0583230,
1180,4412679498,37.0021803,-122.0582814,
1181,4545334792,36.9951965,-122.0602984,
1182,5367509275,36.9881952,-122.0646301,
1183,5367509302,36.9882284,-122.0645990,
1184,5367509307,36.9881505,-122.0651350,
1185,5367519122,36.9879201,-122.0660059,
1186,5373198442,36.9904877,-122.0632263,
1187,5373198470,36.9909928,-122.0599153,
1188,5373198471,36.9906781,-122.0595087,
1189,5400212170,36.9953019,-122.0602232,
1190,5716704130,37.0024543,-122.0590951,
1191,5716704132,37.0023027,-122.0592482,
1192,5716709729,37.0008911,-122.0573798,
1193,5941287525,36.9965468,-122.0525920,
1194,5941290234,36.9965405,-122.0540457,
1195,5955342697,36.9938501,-122.0554201,
1196,5955354895,36.9967643,-122.0565660,
1197,5963100183,36.9999193,-122.0562803,
1198,5963100184,36.9999454,-122.0561163,
1199,5963104886,37.0000720,-122.0563017,
1200,5963104889,37.0000729,-122.0563554,
1201,5972773406,36.9964695,-122.0539167,
1202,5972773407,36.9964418,-122.0539210,
1203,5994398736,36.9932976,-122.0597081,
1204,5994407474,36.9937179,-122.0616942,
1205,6062398977,36.9921686,-122.0658209,
1206,6062398980,36.9921524,-122.0657409,
1207,6062398984,36.9921936,-122.0657778,
1208,6062399777,36.9915673,-122.0648686,
1209,6062399780,36.9915593,-122.0650087,
1210,6062401596,36.9921827,-122.0659019,
1211,6062406187,36.9915090,-122.0646153,
1212,6105148017,36.9904769,-122.0510386,
1213,6194201467,37.0012125,-122.0636712,
1214,6204188932,36.9901717,-122.0665464,
1215,6204188935,36.9940588,-122.0635890,
1216,6204188938,36.9953913,-122.0554609,
1217,6204188940,37.0016963,-122.0554408,
1218,6204188942,36.9997172,-122.0546899,
1219,6204188948,37.0002512,-122.0606998,
1220,6204188958,37.0021178,-122.0536954,
1221,6204188959,37.0022423,-122.0536948,
1222,6204188960,37.0022380,-122.0545912,
1223,6228525511,37.0014966,-122.0528764,
1224,6228525512,37.0015616,-122.0528974,
1225,6228528119,37.0006310,-122.0542608,
1226,6228528120,37.0007087,-122.0542388,
1227,6228528122,37.0008617,-122.0541051,
1228,6228546011,37.0002540,-122.0536996,
1229,6228546012,37.0002417,-122.0538108,
1230,6228546013,37.0004348,-122.0538030,
1231,6228546014,37.0006337,-122.0535957,
1232,6228546021,37.0006527,-122.0536723,
1233,6228546026,37.0003600,-122.0527567,
1234,6228546027,37.0004559,-122.0538662,
1235,6228546028,37.0004607,-122.0537552,
1236,6228574570,36.9996165,-122.0546524,
1237,6228575458,36.9994353,-122.0546414,
1238,6228575459,36.9993848,-122.0546396,
1239,6228575466,36.9992458,-122.0547975,
1240,6228575467,36.9991689,-122.0549498,
1241,6231367660,36.9962865,-122.0587792,
1242,6231367682,36.9967195,-122.0569115,
1243,6231369969,36.9954175,-122.0522032,
1244,6231369975,36.9950827,-122.0513237,
1245,6231377125,36.9976783,-122.0529950,
1246,6231377126,36.9975650,-122.0529783,
1247,6231377128,36.9975351,-122.0528036,
1248,6235280040,36.9963821,-122.0569823,
1249,6236942386,36.9964489,-122.0522943,
1250,6237260754,36.9948309,-122.0614959,
1251,6237270885,36.9940059,-122.0611890,
1252,6237271394,36.9938708,-122.0612152,
1253,6237271406,36.9939810,-122.0599028,
1254,6237366383,37.0004418,-122.0545972,
1255,6237490781,36.9916156,-122.0650698,
1256,6237508325,36.9913707,-122.0649250,
1257,6237508328,36.9914296,-122.0649102,
1258,6237521744,36.9909755,-122.0647318,
1259,6237581043,36.9895414,-122.0614260,
1260,6237581185,36.9896949,-122.0606879,
1261,6237582048,36.9878417,-122.0658741,
1262,6237582056,36.9877275,-122.0652875,
1263,6237582065,36.9877379,-122.0648017,
1264,6237605867,37.0013570,-122.0527253,
1265,6237605875,37.0018467,-122.0521757,
1266,6237605876,37.0017326,-122.0538723,
1267,6239060785,37.0014994,-122.0537346,
1268,6239060788,37.0014927,-122.0541038,
1269,6239066426,37.0021123,-122.0539668,
1270,6269187280,36.9967474,-122.0535469,
1271,6269187685,36.9967523,-122.0537057,
1272,6269188266,36.9955386,-122.0553879,
1273,6269188270,36.9954183,-122.0552304,
1274,6269226398,36.9952986,-122.0530014,
1275,6269242021,36.9918775,-122.0550402,
1276,6275831888,36.9937032,-122.0547370,
1277,6275844548,36.9945603,-122.0546009,
1278,6275844552,36.9950389,-122.0543760,
1279,6275883058,36.9962710,-122.0587319,
1280,6275883062,36.9962143,-122.0586239,
1281,6275883065,36.9963739,-122.0586775,
1282,6275883070,36.9964588,-122.0587618,
1283,6276593908,36.9902554,-122.0634264,
1284,6276593910,36.9901908,-122.0634014,
1285,6276596801,36.9887655,-122.0634496,
1286,6276596804,36.9897797,-122.0631437,
1287,6276596805,36.9897580,-122.0630359,
1288,6276596806,36.9899540,-122.0629583,
1289,6276596872,36.9886188,-122.0658929,
1290,6276596879,36.9902369,-122.0651509,
1291,6276596882,36.9899790,-122.0652440,
1292,6276596985,36.9897487,-122.0650008,
1293,6276597019,36.9891228,-122.0646890,
1294,6276597041,36.9893231,-122.0654616,
1295,6276597046,36.9889551,-122.0658701,
1296,6276597049,36.9886237,-122.0659744,
1297,6276597064,36.9896830,-122.0653457,
1298,6276597068,36.9898183,-122.0659833,
1299,6276597069,36.9886203,-122.0666548,
1300,6276597073,36.9901499,-122.0664248,
1301,6276597200,36.9913031,-122.0670500,
1302,6276597212,36.9902510,-122.0664539,
1303,6276597226,36.9879714,-122.0684792,
1304,6277144062,36.9929646,-122.0645326,
1305,6277144065,36.9928284,-122.0647560,
1306,6277148455,36.9940274,-122.0663572,
1307,6277149916,36.9929535,-122.0666125,
1308,6277155474,36.9957922,-122.0677345,
1309,6277155480,36.9955707,-122.0673790,
1310,6277158138,37.0002939,-122.0608770,
1311,6277166729,36.9939164,-122.0555353,
1312,6277166732,36.9912142,-122.0547618,
1313,6277168430,36.9912092,-122.0541153,
1314,6277197467,36.9963699,-122.0539019,
1315,6278118608,36.9919064,-122.0639542,
1316,6278118624,36.9912943,-122.0638979,
1317,6278118632,36.9910695,-122.0638505,
1318,6278118661,36.9910073,-122.0635369,
1319,6278118727,36.9915071,-122.0647363,
1320,6278118735,36.9910754,-122.0657151,
1321,6280076232,36.9919486,-122.0668067,
1322,6280076248,37.0000761,-122.0618695,
1323,6284577868,36.9992328,-122.0644723,
1324,6286816250,37.0010646,-122.0618708,
1325,6286816258,37.0013026,-122.0628288,
1326,6286816462,36.9970683,-122.0653414,
1327,6286816477,36.9973460,-122.0666160,
1328,6286816498,36.9969675,-122.0663647,
1329,6286816554,36.9957197,-122.0652198,
1330,6286816561,36.9961689,-122.0652348,
1331,6286816568,36.9966340,-122.0658222,
1332,6286816584,36.9945553,-122.0660988,
1333,6286816595,36.9944602,-122.0653420,
1334,6286816597,36.9944347,-122.0654823,
1335,6286816601,36.9944948,-122.0655703,
1336,6286816603,36.9950531,-122.0651596,
1337,6286816644,36.9942272,-122.0645508,
1338,6286816686,36.9936231,-122.0649506,
1339,6286816690,36.9935884,-122.0647443,
1340,6286816706,36.9902312,-122.0687958,
1341,6286816769,36.9905565,-122.0675264,
1342,6286816770,36.9905190,-122.0674996,
1343,6286816771,36.9907800,-122.0673297,
1344,6286816787,36.9909790,-122.0670308,
1345,6286816829,36.9909339,-122.0685895,
1346,6286816839,36.9915545,-122.0685390,
1347,6286816845,36.9914326,-122.0676005,
1348,6286816891,36.9918160,-122.0685134,
1349,6286816926,36.9919414,-122.0681007,
1350,6286816930,36.9920913,-122.0678446,
1351,6286816936,36.9919567,-122.0679723,
1352,6286816937,36.9919140,-122.0679727,
1353,6286816938,36.9918658,-122.0679194,
1354,6286816939,36.9918827,-122.0679512,
1355,6286816941,36.9914280,-122.0684397,
1356,6286816942,36.9915905,-122.0682071,
1357,6286816944,36.9915064,-122.0681768,
1358,6286816975,36.9921030,-122.0671806,
1359,6287730609,36.9959499,-122.0677743,
1360,6287730612,36.9961117,-122.0677641,
1361,6287730617,36.9953947,-122.0679800,
1362,6287730641,36.9929834,-122.0567090,
1363,6289664418,36.9936534,-122.0609787,
1364,6289664419,36.9936449,-122.0611129,
1365,6289664420,36.9936508,-122.0610452,
1366,6289664427,36.9963294,-122.0615987,
1367,6289664430,36.9976972,-122.0614568,
1368,6289664434,36.9970296,-122.0602095,
1369,6289664438,36.9939613,-122.0608093,
1370,6289665511,36.9930504,-122.0627797,
1371,6289665532,36.9952844,-122.0611102,
1372,6289665537,36.9947754,-122.0610482,
1373,6289665543,36.9944242,-122.0618260,
1374,6289665545,36.9939459,-122.0620506,
1375,6289665552,36.9947594,-122.0614878,
1376,6289665565,36.9949819,-122.0614888,
1377,6289665571,36.9962663,-122.0616413,
1378,6289665687,36.9979144,-122.0608188,
1379,6289665690,36.9982734,-122.0600997,
1380,6289665697,36.9994314,-122.0618110,
1381,6289665711,36.9977576,-122.0616178,
1382,6289665712,37.0009882,-122.0639087,
1383,6289665722,36.9994493,-122.0629274,
1384,6289665725,36.9991879,-122.0631998,
1385,6289665726,36.9993153,-122.0625389,
1386,6289665728,36.9993799,-122.0624946,
1387,6289665729,36.9995426,-122.0624969,
1388,6289665742,37.0007164,-122.0630066,
1389,6289665762,36.9981307,-122.0601198,
1390,6289665764,36.9979243,-122.0600178,
1391,6289665995,37.0003104,-122.0609314,
1392,6289666015,37.0003095,-122.0619741,
1393,6289666017,36.9987688,-122.0612177,
1394,6289666026,36.9986658,-122.0609605,
1395,6289666027,36.9986657,-122.0609003,
1396,6289666057,36.9983577,-122.0599518,
1397,6289666075,36.9980245,-122.0599993,
1398,6289666204,36.9988367,-122.0597444,
1399,6289666207,36.9989256,-122.0602415,
1400,6289666216,36.9987979,-122.0605852,
1401,6289666222,36.9988097,-122.0602564,
1402,6289666224,36.9987764,-122.0603574,
1403,6289666245,36.9985664,-122.0609619,
1404,6289666246,36.9985654,-122.0609165,
1405,6289666263,36.9989131,-122.0609294,
1406,6289666387,36.9991689,-122.0612681,
1407,6289666390,36.9992223,-122.0613510,
1408,6289666393,36.9995898,-122.0612670,
1409,6289666412,37.0004020,-122.0623527,
1410,6289666417,37.0006887,-122.0625207,
1411,6289666418,37.0003907,-122.0624761,
1412,6289666420,37.0002967,-122.0621410,
1413,6289666425,37.0008373,-122.0617115,
1414,6289666433,37.0008309,-122.0617515,
1415,6289666434,37.0010951,-122.0618312,
1416,6289666437,37.0011523,-122.0617254,
1417,6289666444,37.0008113,-122.0623342,
1418,6289666448,37.0007269,-122.0623188,
1419,6289666473,37.0002855,-122.0620254,
1420,6289666474,36.9993056,-122.0613517,
1421,6289666479,36.9995834,-122.0630207,
1422,6289666481,36.9991655,-122.0620765,
1423,6289666601,36.9996032,-122.0624288,
1424,6289979108,36.9972166,-122.0554504,
1425,6289979112,36.9947783,-122.0571888,
1426,6289979126,36.9952426,-122.0599147,
1427,6289979130,36.9954708,-122.0595725,
1428,6289979131,36.9953999,-122.0596178,
1429,6289979144,36.9956099,-122.0594870,
1430,6289983115,36.9990134,-122.0565431,
1431,6289983119,36.9999125,-122.0580029,
1432,6290742412,36.9989572,-122.0602418,
1433,6290742414,37.0005514,-122.0579305,
1434,6290742441,37.0003110,-122.0591911,
1435,6290742443,37.0002340,-122.0588997,
1436,6290742444,37.0002034,-122.0589643,
1437,6290742447,37.0005927,-122.0590700,
1438,6290742450,37.0009156,-122.0589525,
1439,6290742454,37.0003717,-122.0589712,
1440,6290742466,36.9982883,-122.0614166,
1441,6290742469,36.9987906,-122.0597263,
1442,6291505410,36.9914391,-122.0521004,
1443,6291505415,36.9918175,-122.0531925,
1444,6291506337,36.9941637,-122.0593392,
1445,6291506352,36.9933745,-122.0597479,
1446,6291506369,36.9929010,-122.0607830,
1447,6292209674,36.9949534,-122.0605589,
1448,6292209676,36.9952111,-122.0605821,
1449,6292764207,37.0013043,-122.0631444,
1450,6292764218,37.0008792,-122.0617670,
1451,6292764222,37.0008341,-122.0617355,
1452,6292764227,37.0008622,-122.0620870,
1453,6292764233,37.0007047,-122.0624577,
1454,6292764252,36.9990589,-122.0612651,
1455,6292764271,36.9988541,-122.0608667,
1456,6292764272,36.9988541,-122.0609667,
1457,6292764273,36.9989304,-122.0609711,
1458,6292764386,36.9983382,-122.0612184,
1459,6296939984,37.0004255,-122.0564308,
1460,6296943791,36.9965368,-122.0531513,
1461,6296946833,36.9936418,-122.0612373,
1462,6296946840,36.9940641,-122.0612964,
1463,6296946841,36.9941889,-122.0613671,
1464,6296946848,36.9943128,-122.0608383,
1465,6296946855,36.9943353,-122.0609446,
1466,6296951919,36.9936163,-122.0625473,
1467,6296951924,36.9937168,-122.0622730,
1468,6296951927,36.9937644,-122.0620692,
1469,6296951943,36.9941893,-122.0613749,
1470,6296951947,36.9947629,-122.0614431,
1471,6296951955,36.9952196,-122.0613322,
1472,6296964331,36.9951497,-122.0609800,
1473,6296964335,36.9952558,-122.0609814,
1474,6296964336,36.9952619,-122.0610215,
1475,6296964337,36.9952762,-122.0610585,
1476,6296964338,36.9953140,-122.0612495,
1477,6296964341,36.9954374,-122.0612061,
1478,6296964343,36.9952930,-122.0611500,
1479,6296964344,36.9952553,-122.0611258,
1480,6296964345,36.9954668,-122.0613285,
1481,6296967832,36.9974872,-122.0608463,
1482,6296967837,36.9975366,-122.0607901,
1483,6297096724,37.0015497,-122.0578455,
1484,6297096725,37.0014677,-122.0581001,
1485,6297096766,37.0008561,-122.0571922,
1486,6297096769,37.0015828,-122.0578483,
1487,6297096815,37.0015823,-122.0574185,
1488,6297690831,36.9997324,-122.0528456,
1489,6297690843,37.0007728,-122.0537497,
1490,6297690854,37.0000391,-122.0553831,
1491,6297690880,36.9996738,-122.0533401,
1492,6297690883,36.9998189,-122.0508990,
1493,6297691888,36.9995923,-122.0521829,
1494,6297691906,37.0014638,-122.0541601,
1495,6297691909,37.0015269,-122.0538916,
1496,6298984607,36.9968544,-122.0546261,
1497,6298984617,36.9966621,-122.0539979,
1498,6298984621,36.9967020,-122.0533535,
1499,6298984641,36.9970266,-122.0538573,
1500,6298984657,36.9969874,-122.0534972,
1501,6298984679,36.9962552,-122.0542917,
1502,6298984684,36.9963835,-122.0536736,
1503,6298988986,36.9974861,-122.0529691,
1504,6298989002,36.9983360,-122.0513553,
1505,6298989011,36.9972883,-122.0533590,
1506,6298989021,36.9970947,-122.0529250,
1507,6298989103,36.9967462,-122.0525590,
1508,6298989120,36.9960754,-122.0552576,
1509,6298989131,36.9974527,-122.0536776,
1510,6298989132,36.9974055,-122.0538014,
1511,6307668492,36.9962881,-122.0526344,
1512,6307668498,36.9964052,-122.0526170,
1513,6307668500,36.9964020,-122.0526051,
1514,6307668512,36.9950769,-122.0533520,
1515,6307668519,36.9937190,-122.0547366,
1516,6307668547,36.9935016,-122.0548647,
1517,6320086180,37.0020413,-122.0528721,
1518,6320086182,37.0018748,-122.0529652,
1519,6321937431,37.0016009,-122.0541385,
1520,6321937434,37.0017503,-122.0537558,
1521,6321937435,37.0017033,-122.0537517,
1522,6327011610,36.9962090,-122.0591502,
1523,6327011615,36.9963244,-122.0589396,
1524,6327011617,36.9962508,-122.0588487,
1525,6327011628,36.9965147,-122.0586674,
1526,6349206286,36.9902920,-122.0662637,
1527,6349206308,36.9928626,-122.0621365,
1528,6349206320,36.9927833,-122.0638065,
1529,6349206321,36.9926887,-122.0643562,
1530,6349206323,36.9927099,-122.0644460,
1531,6422666191,36.9961553,-122.0594950,
1532,6422666193,36.9962539,-122.0598223,
1533,6422666210,36.9996061,-122.0629327,
1534,6422666213,36.9993292,-122.0623322,
1535,6422666217,36.9986974,-122.0623407,
1536,6422666218,36.9984409,-122.0620507,
1537,6422666226,36.9977051,-122.0617714,
1538,6422666227,36.9977211,-122.0619126,
1539,6422666229,36.9977986,-122.0618401,
1540,6422666231,36.9971870,-122.0599841,
1541,6422666245,36.9946517,-122.0572551,
1542,6422666250,36.9960688,-122.0567033,
1543,6422666251,36.9960603,-122.0565966,
1544,6422666252,36.9963244,-122.0566799,
1545,6422666254,36.9967545,-122.0564557,
1546,6422666261,36.9973623,-122.0560868,
1547,6422666262,36.9973990,-122.0559255,
1548,6458018998,37.0011481,-122.0582486,
1549,6458019004,37.0009373,-122.0605597,
1550,6458019060,37.0015091,-122.0593988,
1551,6458019063,37.0015614,-122.0592139,
1552,6480221347,36.9972685,-122.0554107,
1553,6480221351,36.9980990,-122.0542314,
1554,6654645804,36.9976192,-122.0533678,
1555,6654645811,36.9977047,-122.0530605,
1556,6654645813,36.9979921,-122.0536979,
1557,6654645814,36.9978336,-122.0534136,
1558,6654645816,36.9979387,-122.0510189,
1559,6758952777,36.9987679,-122.0610833,
1560,6758952779,36.9988424,-122.0610885,
1561,6758976691,36.9998145,-122.0575349,
1562,6758976694,37.0016726,-122.0575134,
1563,6758976695,37.0017542,-122.0574011,
1564,6758976697,37.0006590,-122.0571603,
1565,6758976700,37.0008612,-122.0572407,
1566,6758976711,37.0002438,-122.0531761,
1567,6758976716,37.0002213,-122.0532513,
1568,6758976732,36.9997332,-122.0529204,
1569,6758976733,36.9997538,-122.0530136,
1570,6781971860,36.9967552,-122.0521642,
1571,6781971861,36.9969149,-122.0525600,
1572,6781971865,36.9970092,-122.0532083,
1573,6845542326,36.9929779,-122.0652500,
1574,6845542332,36.9999918,-122.0622307,
1575,6858632836,36.9992017,-122.0644785,
1576,6874478381,36.9885888,-122.0648289,
1577,6874478382,36.9886313,-122.0647922,
1578,6874478383,36.9884934,-122.0647871,
1579,6874546185,36.9910261,-122.0545019,
1580,6876976811,36.9918164,-122.0537487,
1581,6876976815,36.9915677,-122.0523242,
1582,6876976817,36.9914572,-122.0523385,
1583,6876984852,36.9919592,-122.0531454,
1584,6901245056,36.9965897,-122.0524621,
1585,6901245063,36.9959369,-122.0542178,
1586,6901245064,36.9960868,-122.0542110,
1587,6913714396,36.9957932,-122.0540191,
1588,6913714402,36.9958077,-122.0539467,
1589,6913717092,36.9910223,-122.0541202,
1590,6914101170,36.9944439,-122.0555263,
1591,6914123743,36.9970651,-122.0552922,
1592,6919041849,36.9911832,-122.0548248,
1593,6919041852,36.9915622,-122.0550092,
1594,6919171203,36.9956619,-122.0553504,
1595,6919171208,36.9954420,-122.0551209,
1596,6919171210,36.9952744,-122.0553529,
1597,6919171221,36.9945484,-122.0555145,
1598,6919171224,36.9944999,-122.0554848,
1599,6935876762,36.9970686,-122.0569952,
1600,6935876764,36.9974876,-122.0599797,
1601,6935902208,36.9928550,-122.0644999,
1602,6935902209,36.9928409,-122.0645086,
1603,6935902210,36.9940552,-122.0636485,
1604,6935902211,36.9940596,-122.0635401,
1605,6942425729,36.9900407,-122.0637971,
1606,6942425730,36.9899817,-122.0639874,
1607,6942425731,36.9899835,-122.0641189,
1608,6942428018,36.9923633,-122.0529461,
1609,6942432238,36.9897991,-122.0648746,
1610,6942432239,36.9898317,-122.0648153,
1611,6942432241,36.9898939,-122.0647349,
1612,6942432242,36.9897788,-122.0648815,
1613,6942432245,36.9898114,-122.0647444,
1614,6942432248,36.9901823,-122.0663885,
1615,6942432251,36.9901422,-122.0663412,
1616,6942432253,36.9899557,-122.0660815,
1617,6942432254,36.9899529,-122.0660593,
1618,6942432256,36.9899158,-122.0660242,
1619,6942441884,36.9968787,-122.0520947,
1620,6942456487,36.9970189,-122.0518039,
1621,6942463799,36.9973357,-122.0551471,
1622,6943848139,36.9913618,-122.0669465,
1623,6943848142,36.9942599,-122.0655768,
1624,6944006555,36.9978107,-122.0566753,
1625,6944006556,36.9980911,-122.0566770,
1626,6944007439,37.0001436,-122.0607882,
1627,6944010892,36.9985511,-122.0548243,
1628,6944010900,36.9971625,-122.0554545,
1629,6944023842,36.9935525,-122.0650845,
1630,6944023858,36.9937824,-122.0658595,
1631,6944023863,36.9920901,-122.0667919,
1632,6944138896,36.9942664,-122.0617781,
1633,6944138899,36.9944339,-122.0616497,
1634,6944138910,36.9947249,-122.0614351,
1635,6944138931,36.9941899,-122.0611600,
1636,6944138934,36.9942156,-122.0610562,
1637,6944138942,36.9930772,-122.0632186,
1638,6944138947,36.9934877,-122.0627636,
1639,6944138958,36.9898073,-122.0653025,
1640,6946141675,36.9905409,-122.0647853,
1641,6946141676,36.9905734,-122.0647732,
1642,6946141677,36.9904886,-122.0646271,
1643,6946141679,36.9905174,-122.0646685,
1644,6946141683,36.9904788,-122.0647925,
1645,6946141684,36.9904867,-122.0648268,
1646,6946177585,36.9905150,-122.0647638,
1647,6946177588,36.9904245,-122.0648467,
1648,6946177589,36.9905964,-122.0650270,
1649,6946545992,36.9899504,-122.0646636,
1650,6946545994,36.9900402,-122.0645769,
1651,6946546021,36.9878007,-122.0654829,
1652,6946546024,36.9876929,-122.0654816,
1653,6946546037,36.9877113,-122.0646983,
1654,6946546038,36.9877785,-122.0646103,
1655,6952713450,36.9891149,-122.0555348,
1656,6952730538,36.9969889,-122.0540046,
1657,6952730542,36.9969867,-122.0536514,
1658,6952758500,36.9957604,-122.0571450,
1659,6952758505,36.9956977,-122.0569999,
1660,6952758507,36.9958509,-122.0568801,
1661,6952758508,36.9958837,-122.0571297,
1662,6952758510,36.9958426,-122.0571072,
1663,6952758511,36.9958849,-122.0571392,
1664,6952758512,36.9960355,-122.0567590,
1665,6952758518,36.9960243,-122.0551139,
1666,6952758520,36.9961161,-122.0551176,
1667,6952758521,36.9964556,-122.0549074,
1668,6952779848,36.9880101,-122.0686692,
1669,6952779849,36.9877825,-122.0685746,
1670,6952779851,36.9894872,-122.0676324,
1671,6952830726,36.9908100,-122.0661432,
1672,6952830727,36.9906781,-122.0659469,
1673,6953355294,36.9995567,-122.0631235,
1674,6953355296,36.9996840,-122.0630332,
1675,6953355300,36.9990949,-122.0620420,
1676,6953355301,36.9991428,-122.0619518,
1677,6953355304,36.9994199,-122.0629643,
1678,6953371036,36.9938482,-122.0637726,
1679,6953371037,36.9936591,-122.0638783,
1680,6953371038,36.9938060,-122.0637962,
1681,6953371039,36.9936824,-122.0638653,
1682,6956291536,36.9971397,-122.0509228,
1683,6956291538,36.9971283,-122.0509671,
1684,6956299269,36.9971162,-122.0536496,
1685,6956332877,36.9970092,-122.0531432,
1686,6956332883,36.9971174,-122.0531275,
1687,6956332884,36.9970504,-122.0531270,
1688,6965107889,36.9942642,-122.0515230,
1689,6970619838,36.9945745,-122.0558223,
1690,6970619842,36.9939970,-122.0556153,
1691,6975088301,36.9945898,-122.0513934,
1692,6975088309,36.9975600,-122.0541105,
1693,6975088312,36.9975997,-122.0540352,
1694,6975088317,36.9977909,-122.0542096,
1695,6975088318,36.9977939,-122.0542828,
1696,6975649130,36.9883227,-122.0651613,
1697,6978249222,36.9976450,-122.0557217,
1698,6978249227,36.9972980,-122.0562629,
1699,6978541040,36.9937809,-122.0599749,
1700,6978541041,36.9935178,-122.0602818,
1701,6978541042,36.9933724,-122.0601739,
1702,6978541043,36.9932199,-122.0600940,
1703,6978541044,36.9928677,-122.0608195,
1704,6978541046,36.9928117,-122.0609041,
1705,6978541082,36.9925815,-122.0605880,
1706,6978547287,36.9938203,-122.0599497,
1707,6981308986,37.0003589,-122.0625374,
1708,6981308988,37.0003461,-122.0626591,
1709,6993439400,36.9885813,-122.0599796,
1710,7037108408,36.9998829,-122.0578800,
1711,7037108411,36.9998728,-122.0579351,
1712,7037108424,37.0008744,-122.0573182,
1713,7037108437,37.0010746,-122.0572976,
1714,7037108446,37.0001779,-122.0616419,
1715,7042796373,37.0001248,-122.0607835,
1716,7042796380,37.0000926,-122.0615919,
1717,7042798692,36.9996721,-122.0626620,
1718,7042798695,36.9996057,-122.0626532,
1719,7042798696,37.0000906,-122.0624433,
1720,7042798699,36.9998902,-122.0624580,
1721,7042798708,37.0002281,-122.0616707,
1722,7042798712,37.0004857,-122.0622669,
1723,7048106413,36.9954479,-122.0602405,
1724,7048106414,36.9953959,-122.0601555,
1725,7048106419,36.9944957,-122.0594816,
1726,7048106424,36.9946134,-122.0596364,
1727,7115505694,36.9954676,-122.0573029,
1728,7123516444,36.9928390,-122.0652474,
1729,7123516449,36.9926332,-122.0645262,
1730,7127340053,36.9906873,-122.0653892,
1731,7127340067,36.9906257,-122.0645262,
1732,7127340075,36.9906740,-122.0644032,
1733,7131863811,36.9959331,-122.0567837,
1734,7140643122,36.9936421,-122.0609725,
1735,7140663375,36.9938728,-122.0612301,
1736,7140663377,36.9939120,-122.0612189,
1737,7140664485,36.9875191,-122.0560719,
1738,7140664544,36.9930103,-122.0603755,
1739,7140664560,36.9927372,-122.0672643,
1740,7140664565,36.9927018,-122.0673377,
1741,7140664582,36.9926573,-122.0674723,
1742,7140664585,36.9927854,-122.0669913,
1743,7140665843,37.0014438,-122.0554020,
1744,7140665845,37.0012953,-122.0553377,
1745,7140665846,37.0016211,-122.0553457,
1746,7140665853,37.0015632,-122.0551775,
1747,7140665858,37.0019724,-122.0552467,
1748,7140672959,37.0021734,-122.0553243,
1749,7140672961,37.0021574,-122.0552958,
1750,7140674601,36.9995843,-122.0588784,
1751,7141048833,36.9973737,-122.0612786,
1752,7141048839,36.9981814,-122.0627643,
1753,7141048842,36.9983949,-122.0626227,
1754,7141048845,36.9985949,-122.0622610,
1755,7141048852,36.9986302,-122.0622478,
1756,7141048853,36.9992376,-122.0620378,
1757,7141048855,36.9992686,-122.0618045,
1758,7141048863,36.9992285,-122.0623779,
1759,7141048864,36.9993038,-122.0626163,
1760,7141048875,36.9962538,-122.0550075,
1761,7141048876,36.9962581,-122.0552172,
1762,7141048881,36.9964471,-122.0553740,
1763,7141091387,36.9919329,-122.0550179,
1764,7154481439,37.0022322,-122.0543884,
1765,7154878822,36.9975106,-122.0600709,
1766,7155163004,36.9956967,-122.0522507,
1767,7155163007,36.9958247,-122.0522173,
1768,7155163012,36.9958760,-122.0521851,
1769,7183668631,36.9992903,-122.0542901,
1770,7183668632,36.9994407,-122.0543267,
1771,7183668635,36.9995407,-122.0539549,
1772,7183668642,36.9999292,-122.0547223,
1773,7183668645,37.0013241,-122.0555050,
1774,7183668646,37.0013323,-122.0555617,
1775,7184981776,37.0000013,-122.0546192,
1776,7184998699,36.9995173,-122.0543237,
1777,7185843737,36.9931879,-122.0540072,
1778,7185860522,36.9999019,-122.0548852,
1779,7185860526,37.0000466,-122.0549901,
1780,7185925473,37.0001296,-122.0587378,
1781,7185925476,37.0003562,-122.0589987,
1782,7185925477,37.0004019,-122.0589176,
1783,7185925481,37.0006826,-122.0588646,
1784,7185925482,37.0009104,-122.0589880,
1785,7185925483,37.0009211,-122.0589059,
1786,7185946649,37.0002158,-122.0588510,
1787,7185946667,37.0004351,-122.0590685,
1788,7185946668,37.0004149,-122.0590701,
1789,7188707254,36.9878407,-122.0685257,
1790,7194454892,36.9951272,-122.0668465,
1791,7272931488,36.9979185,-122.0507363,
1792,7272931491,36.9979264,-122.0507732,
1793,7272931494,36.9979018,-122.0507709,
1794,7281209998,36.9898762,-122.0673227,
1795,7286626608,36.9899928,-122.0670638,
1796,7286626612,36.9902940,-122.0666156,
1797,7286626618,36.9903040,-122.0669875,
1798,7286626621,36.9903406,-122.0671353,
1799,7286626622,36.9901574,-122.0670982,
1800,7286626630,36.9905115,-122.0667412,
1801,7286626634,36.9906799,-122.0670417,
1802,7286705974,36.9902384,-122.0671145,
1803,7286705976,36.9901032,-122.0674075,
1804,7286705981,36.9897674,-122.0680802,
1805,7286818487,36.9902969,-122.0665319,
1806,7286818491,36.9901036,-122.0668296,
1807,7286834485,36.9885144,-122.0626039,
1808,7287327183,36.9927325,-122.0643809,
1809,7287327184,36.9926977,-122.0643941,
1810,7287347973,36.9947221,-122.0614832,
1811,7287347975,36.9938040,-122.0623823,
1812,7287416401,36.9922383,-122.0647930,
1813,7287416402,36.9923060,-122.0648313,
1814,7287416405,36.9916804,-122.0651164,
1815,7637946877,36.9905356,-122.0638734,
1816,8076575133,36.9914002,-122.0541019,
1817,8076575134,36.9915597,-122.0539946,
1818,8076575137,36.9912374,-122.0542235,
1819,8076575138,36.9912620,-122.0541960,
1820,8112958183,36.9968857,-122.0517611,
1821,8113037229,36.9963690,-122.0525656,
1822,8113037233,36.9963168,-122.0525686,
1823,8113037253,36.9962432,-122.0525721,
1824,8113037258,36.9964288,-122.0525649,
1825,8113037262,36.9964822,-122.0525526,
1826,8185456990,36.9959421,-122.0636330,
1827,8185457002,36.9967198,-122.0637019,
1828,8185457014,36.9964540,-122.0632334,
1829,8185485830,36.9860615,-122.0659057,
1830,8185485845,36.9867048,-122.0644487,
1831,8185485853,36.9867919,-122.0640523,
1832,8185485867,36.9861814,-122.0644325,
1833,8185485874,36.9862361,-122.0637276,
1834,8185485878,36.9863638,-122.0631883,
1835,8185485964,36.9860110,-122.0647933,
1836,8210980949,36.9948787,-122.0610541,
1837,8210980950,36.9948182,-122.0610505,
1838,8210983591,36.9938150,-122.0625515,
1839,8210983608,36.9880752,-122.0659791,
1840,8210983615,36.9895943,-122.0633136,
1841,8433260616,36.9968704,-122.0537752,
1842,8433266925,36.9970605,-122.0536505,
1843,8433266927,36.9971158,-122.0535448,
1844,8433266936,36.9968278,-122.0546638,
1845,8433276334,36.9971298,-122.0529208,
1846,8433276339,36.9971431,-122.0529517,
1847,8573478420,36.9865174,-122.0550447,
1848,8573478423,36.9864880,-122.0551791,
1849,8573478424,36.9865591,-122.0551245,
1850,8573478426,36.9863691,-122.0553159,
1851,8573478445,36.9910184,-122.0520246,
1852,8573478446,36.9909907,-122.0520362,
1853,8573478451,36.9905548,-122.0522325,
1854,8573478452,36.9908280,-122.0521089,
1855,8573478482,36.9934718,-122.0516445,
1856,8596183276,36.9957960,-122.0592733,
1857,8596183279,36.9959131,-122.0591610,
1858,8596197642,36.9985982,-122.0542670,
1859,8633063254,36.9868741,-122.0687464,
1860,8649691307,37.0003876,-122.0625118,
1861,8649691309,37.0006752,-122.0626911,
1862,8649705747,37.0003475,-122.0626489,
1863,8677800045,36.9993977,-122.0625540,
1864,8677943992,36.9915352,-122.0652892,
1865,8677944006,36.9922345,-122.0650880,
1866,8681418376,36.9897559,-122.0642220,
1867,8681418378,36.9897487,-122.0641246,
1868,8681423493,36.9932172,-122.0649598,
1869,8681423494,36.9931922,-122.0648308,
1870,8723440346,36.9928674,-122.0644363,
1871,8730025692,36.9982484,-122.0626970,
1872,8763519623,37.0007324,-122.0552801,
1873,8763519625,37.0007026,-122.0552575,
1874,8773891437,36.9914621,-122.0681929,
1875,8779771303,36.9922752,-122.0622622,
1876,8793703567,36.9991250,-122.0559485,
1877,9203557124,36.9906748,-122.0521765,
1878,9219787494,36.9985674,-122.0612750,
1879,9219787500,36.9994204,-122.0625543,
1880,9219787506,36.9994435,-122.0626525,
1881,9219847841,36.9976060,-122.0595990,
1882,9219847842,36.9974520,-122.0595965,
1883,9219847851,36.9963557,-122.0592776,
1884,9219847873,36.9961834,-122.0592749,
1885,9301198424,36.9972629,-122.0625163,
1886,9301198425,36.9965911,-122.0612175,
1887,9682397781,36.9998366,-122.0646426,
1888,9682397792,36.9997902,-122.0646046,
1889,9682397801,36.9994788,-122.0648303,
1890,9682397802,36.9995120,-122.0648391,
1891,9682397805,36.9995913,-122.0648226,
1892,9682397811,36.9995406,-122.0647663,
1893,9682397812,36.9995290,-122.0647444,
1894,9682397813,36.9993143,-122.0648364,
1895,9682397814,36.9993933,-122.0647541,
1896,9682398417,36.9994615,-122.0649414,
1897,9682398423,36.9996246,-122.0648596,
1898,9682398424,36.9996247,-122.0648028,
1899,9708058871,36.9893344,-122.0660090,
1900,9712725316,36.9915693,-122.0680815,
1901,9712746024,36.9913754,-122.0683623,
1902,9712746025,36.9916145,-122.0683334,
1903,9712746031,36.9918710,-122.0683962,
1904,9712746033,36.9918800,-122.0684892,
1905,9712746037,36.9920580,-122.0684170,
1906,9712746038,36.9920136,-122.0684389,
1907,9712746049,36.9918833,-122.0682698,
1908,9712746050,36.9918968,-122.0684117,
1909,9712746064,36.9942158,-122.0652819,
1910,9712746065,36.9935286,-122.0649567,
1911,9712746068,36.9952068,-122.0661317,
1912,9712746070,36.9951023,-122.0659873,
1913,9712746072,36.9908422,-122.0633495,
1914,10872033364,36.9968064,-122.0621368,
1915,10872033365,36.9967941,-122.0621314,
1916,11054157070,36.9961032,-122.0645290,
1917,11054157085,36.9932387,-122.0690561,
1918,11331822889,36.9946738,-122.0642098,
1919,11888234578,36.9991173,-122.0560897,
1920,12145447899,36.9889722,-122.0652802,
1921,12145471004,36.9889976,-122.0655944,
1922,12145471005,36.9888055,-122.0651860,
1923,12145471006,36.9891093,-122.0652213,
1924,13017995594,36.9930899,-122.0664491,
1925,13017995597,36.9933308,-122.0669938,
1926,13017995599,36.9933168,-122.0672150,
1927,13020314809,36.9966289,-122.0616904,
1928,13020314812,36.9976448,-122.0621180,
1929,13020314815,36.9971734,-122.0624514,
1930,13021778113,36.9974300,-122.0558218,
1931,13021778114,36.9974438,-122.0558272,
1932,13021778115,36.9974724,-122.0557297,
1933,13025574175,36.9972858,-122.0557668,
1934,13025574179,36.9965584,-122.0591232,
1935,13025574181,36.9971070,-122.0616303,
1936,13025574183,36.9974122,-122.0617865,
1937,13025574184,36.9973136,-122.0617256,
1938,13030773586,36.9860315,-122.0635575,
1939,13030773594,36.9885584,-122.0654505,
1940,13030816302,36.9943333,-122.0653963,
1941,13040239164,36.9957640,-122.0592873,
1942,13040239169,36.9943862,-122.0596410,
1943,13040239170,36.9944293,-122.0596535,
1944,13040239192,36.9962695,-122.0615631,
1945,13040239194,36.9962951,-122.0616219,
1946,13040239198,36.9972420,-122.0608996,
1947,13040239199,36.9971689,-122.0607756,
1948,13040284003,36.9969347,-122.0616378,
1949,13040284009,36.9970791,-122.0617912,
1950,13040284011,36.9951516,-122.0603235,
1951,13040284022,36.9989649,-122.0566834,
1952,13124224270,36.9882378,-122.0659057,
1953,13300125591,37.0003403,-122.0538945,
1954,13300194106,36.9905253,-122.0632119,
1955,13300217830,37.0012599,-122.0589519,
1956,13300217832,37.0013470,-122.0590511,
1957,13302925390,36.9874761,-122.0487814,
1958,13632841331,36.9871091,-122.0697067,
1959,14069349364,36.9964880,-122.0505585,
